{
  "n87": {
    "x": 0.94287109375,
    "y": 0.9213091922005571
  },
  "n85": {
    "x": 0.8251953125,
    "y": 0.9213091922005571
  },
  "n84": {
    "x": 0.766357421875,
    "y": 0.9213091922005571
  },
  "n83": {
    "x": 0.707763671875,
    "y": 0.9213091922005571
  },
  "n82": {
    "x": 0.649169921875,
    "y": 0.9213091922005571
  },
  "n74": {
    "x": 0.178466796875,
    "y": 0.9213091922005571
  },
  "n73": {
    "x": 0.11962890625,
    "y": 0.9213091922005571
  },
  "n81": {
    "x": 0.58984375,
    "y": 0.9220055710306406
  },
  "n80": {
    "x": 0.531005859375,
    "y": 0.9220055710306406
  },
  "n79": {
    "x": 0.472412109375,
    "y": 0.9220055710306406
  },
  "n78": {
    "x": 0.41357421875,
    "y": 0.9220055710306406
  },
  "n77": {
    "x": 0.354736328125,
    "y": 0.9220055710306406
  },
  "n76": {
    "x": 0.296142578125,
    "y": 0.9209610027855153
  },
  "n75": {
    "x": 0.237548828125,
    "y": 0.9209610027855153
  },
  "n72": {
    "x": 0.06103515625,
    "y": 0.9209610027855153
  },
  "n71": {
    "x": 0.2373046875,
    "y": 0.8377437325905293
  },
  "n70": {
    "x": 0.06103515625,
    "y": 0.8377437325905293
  },
  "n54": {
    "x": 0.06103515625,
    "y": 0.7545264623955432
  },
  "n67": {
    "x": 0.707275390625,
    "y": 0.6702646239554317
  },
  "n66": {
    "x": 0.649169921875,
    "y": 0.6702646239554317
  },
  "n65": {
    "x": 0.590087890625,
    "y": 0.6706128133704735
  },
  "n64": {
    "x": 0.531005859375,
    "y": 0.6702646239554317
  },
  "n62": {
    "x": 0.41357421875,
    "y": 0.6702646239554317
  },
  "n61": {
    "x": 0.354736328125,
    "y": 0.6702646239554317
  },
  "n60": {
    "x": 0.296142578125,
    "y": 0.6702646239554317
  },
  "n59": {
    "x": 0.237548828125,
    "y": 0.6702646239554317
  },
  "n58": {
    "x": 0.178466796875,
    "y": 0.6702646239554317
  },
  "n57": {
    "x": 0.11962890625,
    "y": 0.6702646239554317
  },
  "n56": {
    "x": 0.06103515625,
    "y": 0.6702646239554317
  },
  "n90": {
    "x": 0.88427734375,
    "y": 0.6702646239554317
  },
  "n91": {
    "x": 0.8251953125,
    "y": 0.6702646239554317
  },
  "n68": {
    "x": 0.766357421875,
    "y": 0.6706128133704735
  },
  "n63": {
    "x": 0.47265625,
    "y": 0.6706128133704735
  },
  "n55": {
    "x": 0.766357421875,
    "y": 0.5863509749303621
  },
  "n88": {
    "x": 0.942626953125,
    "y": 0.5870473537604457
  },
  "n92": {
    "x": 0.11962890625,
    "y": 0.54491643454039
  },
  "n53": {
    "x": 0.942626953125,
    "y": 0.503133704735376
  },
  "n52": {
    "x": 0.766357421875,
    "y": 0.503133704735376
  },
  "n51": {
    "x": 0.942626953125,
    "y": 0.4195682451253482
  },
  "n50": {
    "x": 0.884033203125,
    "y": 0.4195682451253482
  },
  "n36": {
    "x": 0.060791015625,
    "y": 0.4192200557103064
  },
  "n49": {
    "x": 0.825439453125,
    "y": 0.41852367688022285
  },
  "n48": {
    "x": 0.76611328125,
    "y": 0.41852367688022285
  },
  "n47": {
    "x": 0.707763671875,
    "y": 0.4188718662952646
  },
  "n46": {
    "x": 0.649169921875,
    "y": 0.41852367688022285
  },
  "n45": {
    "x": 0.59033203125,
    "y": 0.41852367688022285
  },
  "n44": {
    "x": 0.53125,
    "y": 0.41852367688022285
  },
  "n43": {
    "x": 0.472412109375,
    "y": 0.4188718662952646
  },
  "n42": {
    "x": 0.4130859375,
    "y": 0.41852367688022285
  },
  "n41": {
    "x": 0.3544921875,
    "y": 0.41852367688022285
  },
  "n40": {
    "x": 0.296142578125,
    "y": 0.41852367688022285
  },
  "n39": {
    "x": 0.237548828125,
    "y": 0.41852367688022285
  },
  "n38": {
    "x": 0.178466796875,
    "y": 0.41852367688022285
  },
  "n37": {
    "x": 0.11962890625,
    "y": 0.41852367688022285
  },
  "n35": {
    "x": 0.237548828125,
    "y": 0.33565459610027853
  },
  "n34": {
    "x": 0.06103515625,
    "y": 0.33530640668523676
  },
  "n32": {
    "x": 0.884033203125,
    "y": 0.2517409470752089
  },
  "n29": {
    "x": 0.707763671875,
    "y": 0.2517409470752089
  },
  "n26": {
    "x": 0.531005859375,
    "y": 0.2517409470752089
  },
  "n33": {
    "x": 0.942626953125,
    "y": 0.25069637883008355
  },
  "n31": {
    "x": 0.825439453125,
    "y": 0.2513927576601671
  },
  "n30": {
    "x": 0.766357421875,
    "y": 0.2513927576601671
  },
  "n28": {
    "x": 0.649169921875,
    "y": 0.2513927576601671
  },
  "n27": {
    "x": 0.590087890625,
    "y": 0.2513927576601671
  },
  "n25": {
    "x": 0.472412109375,
    "y": 0.2513927576601671
  },
  "n24": {
    "x": 0.41357421875,
    "y": 0.2513927576601671
  },
  "n23": {
    "x": 0.354736328125,
    "y": 0.2513927576601671
  },
  "n22": {
    "x": 0.296142578125,
    "y": 0.2513927576601671
  },
  "n21": {
    "x": 0.2373046875,
    "y": 0.2513927576601671
  },
  "n20": {
    "x": 0.178466796875,
    "y": 0.2513927576601671
  },
  "n19": {
    "x": 0.11962890625,
    "y": 0.2513927576601671
  },
  "n18": {
    "x": 0.06103515625,
    "y": 0.2513927576601671
  },
  "n17": {
    "x": 0.942626953125,
    "y": 0.1674791086350975
  },
  "n16": {
    "x": 0.766357421875,
    "y": 0.1674791086350975
  },
  "n15": {
    "x": 0.942626953125,
    "y": 0.08426183844011143
  },
  "n14": {
    "x": 0.884033203125,
    "y": 0.08426183844011143
  },
  "n13": {
    "x": 0.825439453125,
    "y": 0.08426183844011143
  },
  "n12": {
    "x": 0.766357421875,
    "y": 0.08426183844011143
  },
  "n11": {
    "x": 0.70751953125,
    "y": 0.08426183844011143
  },
  "n10": {
    "x": 0.649169921875,
    "y": 0.08426183844011143
  },
  "n9": {
    "x": 0.590087890625,
    "y": 0.0846100278551532
  },
  "n8": {
    "x": 0.531005859375,
    "y": 0.08426183844011143
  },
  "n7": {
    "x": 0.472412109375,
    "y": 0.08426183844011143
  },
  "n6": {
    "x": 0.413330078125,
    "y": 0.08426183844011143
  },
  "n5": {
    "x": 0.354736328125,
    "y": 0.08426183844011143
  },
  "n4": {
    "x": 0.296142578125,
    "y": 0.08426183844011143
  },
  "n3": {
    "x": 0.237548828125,
    "y": 0.08426183844011143
  },
  "n2": {
    "x": 0.178466796875,
    "y": 0.08426183844011143
  },
  "n1": {
    "x": 0.120361328125,
    "y": 0.08426183844011143
  },
  "n0": {
    "x": 0.061279296875,
    "y": 0.08356545961002786
  },
  "n86": {
    "x": 0.884033203125,
    "y": 0.9213091922005571
  },
  "n89": {
    "x": 0.942626953125,
    "y": 0.6702646239554317
  },
  "n69": {
    "x": 0.237548828125,
    "y": 0.7541782729805014
  }
}